Rk,Player,Pos,Squad,Age,Born,90s,Touches,Def Pen,Def 3rd,Mid 3rd,Att 3rd,Att Pen,Live,Att_T/O,Succ_T/O,Succ%_T/O,Tkld_T/O,Tkld%_T/O,Carries,TotDist,PrgDist,PrgC,1/3,CPA,Mis,Dis,Rec,"PrgR
▼"
1,Manuela Zinsberger,GK,Arsenal,25,1995,20,803,544,784,18,1,0,803,0,0,,0,,369,1534,770,0,0,0,0,1,514,0
2,Lotte Wubben-Moy,DF,Arsenal,22,1999,13.4,1199,109,562,601,42,15,1199,6,6,100,0,0,599,3426,1920,8,9,0,1,2,942,6
3,Leah Williamson,DF,Arsenal,24,1997,16.1,1297,104,529,703,74,13,1297,5,5,100,0,0,695,4577,3057,24,19,0,1,9,1011,6
4,Lydia Williams,GK,Arsenal,33,1988,2,88,36,84,4,0,0,88,0,0,,0,,63,225,117,0,0,0,0,0,69,0
5,Laura Wienroither,DF,Arsenal,22,1999,4,243,2,39,103,102,9,243,4,1,25,3,75,90,489,244,10,7,2,2,6,130,34
6,Lia Wälti,MF,Arsenal,28,1993,17.6,1182,22,213,774,203,11,1182,15,7,46.7,8,53.3,579,3037,1258,14,10,0,11,13,819,24
7,Viktoria Schnaderbeck,"DF,MF",Arsenal,30,1991,0.4,38,2,24,13,1,1,38,0,0,,0,,23,79,47,1,0,0,0,0,34,0
8,Rafaelle,DF,Arsenal,30,1991,4.4,367,24,197,161,11,5,367,1,1,100,0,0,221,1100,688,2,0,0,3,1,273,3
9,Anna Patten,DF,Arsenal,22,1999,1.4,99,2,26,36,38,6,99,3,1,33.3,2,66.7,51,242,116,1,3,0,1,0,60,6
10,Nikita Parris,FW,Arsenal,27,1994,6.8,223,1,25,52,148,42,222,7,2,28.6,5,71.4,123,821,421,19,7,13,13,10,159,64
11,Jordan Nobbs,"MF,FW",Arsenal,28,1992,6.6,409,1,41,199,172,23,409,2,1,50,0,0,206,894,329,8,5,3,9,9,329,45
12,Vivianne Miedema,"FW,MF",Arsenal,25,1996,19.2,837,17,69,277,502,164,837,28,13,46.4,15,53.6,448,2920,1317,66,25,50,35,37,613,156
13,Beth Mead,"FW,MF",Arsenal,26,1995,19.1,1021,11,62,256,715,127,1021,32,21,65.6,11,34.4,499,2945,1411,51,32,33,35,35,718,248
14,Katie McCabe,"DF,FW",Arsenal,25,1995,14.8,997,14,239,371,402,44,996,12,8,66.7,4,33.3,438,2236,1109,26,23,7,18,19,645,116
15,Noelle Maritz,DF,Arsenal,25,1995,17.6,1109,20,259,517,340,16,1109,5,3,60,2,40,420,1794,914,19,15,3,9,21,640,102
16,Frida Maanum,"MF,DF",Arsenal,22,1999,10.9,563,14,105,302,160,16,563,6,4,66.7,2,33.3,251,1206,515,9,7,2,16,18,395,40
17,Kim Little,MF,Arsenal,31,1990,19.8,1091,23,162,565,383,53,1090,14,8,57.1,6,42.9,521,3022,1334,38,34,10,21,36,769,84
18,Mana Iwabuchi,"MF,FW",Arsenal,28,1993,5.5,293,1,27,137,132,20,293,7,5,71.4,2,28.6,146,856,317,7,9,5,13,16,228,34
19,Halle Houssein,DF,Arsenal,16,2004,0.1,1,0,0,1,0,0,1,0,0,,0,,0,0,0,0,0,0,0,0,0,0
20,Alex Hennessy,"FW,DF",Arsenal,16,2004,0.1,4,0,2,1,1,0,4,0,0,,0,,1,4,3,0,1,0,0,0,1,0
21,Tobin Heath,"FW,MF",Arsenal,33,1988,3.3,183,5,25,67,94,14,183,1,0,0,1,100,80,422,167,7,2,5,6,8,115,29
22,Teyah Goldie,DF,Arsenal,17,2004,0.1,8,2,6,2,0,0,8,0,0,,0,,4,5,1,0,0,0,0,0,7,0
23,Caitlin Foord,"FW,MF",Arsenal,26,1994,8.8,361,2,12,103,249,61,361,11,5,45.5,6,54.5,210,1256,601,25,9,15,19,17,292,122
24,Steph Catley,DF,Arsenal,27,1994,14.3,1051,20,241,411,402,24,1051,1,1,100,0,0,439,2448,1217,28,27,2,10,21,650,96
25,Simone Boye Sørensen,DF,Arsenal,29,1992,1.8,158,5,63,93,4,1,158,0,0,,0,,112,717,424,3,0,0,0,0,132,0
26,Stina Blackstenius,FW,Arsenal,25,1996,7,176,0,3,63,115,37,176,6,3,50,3,50,101,553,133,8,2,3,11,9,148,48
27,Jennifer Beattie,"DF,MF",Arsenal,30,1991,6.5,459,52,238,208,13,6,459,1,1,100,0,0,171,791,450,1,0,0,0,3,340,0
28,Jill Scott,MF,Aston Villa,34,1987,5.7,342,12,60,179,106,16,342,7,2,28.6,5,71.4,154,844,322,9,8,1,9,7,213,18
29,Meaghan Sargeant,DF,Aston Villa,27,1994,9.1,340,53,197,126,20,8,340,1,1,100,0,0,99,417,257,1,0,0,2,3,157,1
30,Sian Rogers,GK,Aston Villa,23,1998,2.3,102,94,102,0,0,0,102,0,0,,0,,33,219,145,0,0,0,0,0,22,0
31,Ramona Petzelberger,"FW,MF",Aston Villa,28,1992,18.4,684,16,119,308,262,36,684,19,6,31.6,13,68.4,372,1681,577,13,11,2,38,28,460,71
32,Anna Patten,DF,Aston Villa,22,1999,7,339,50,209,119,15,8,339,1,1,100,0,0,166,912,515,4,2,1,2,3,196,2
33,Mayumi Pacheco,DF,Aston Villa,22,1998,22,1407,58,487,588,356,17,1407,36,14,38.9,22,61.1,508,2973,1523,26,24,4,32,23,627,55
34,Elisha N'Dow,DF,Aston Villa,24,1996,5.5,150,35,93,56,1,0,150,0,0,,0,,34,218,59,0,0,0,0,2,46,0
35,Olivia McLoughlin,"MF,DF",Aston Villa,16,2004,5,154,15,71,61,23,0,154,2,0,0,2,100,61,258,70,1,1,0,4,8,68,5
36,Sarah Mayling,DF,Aston Villa,24,1997,20.8,1451,67,429,635,399,8,1451,21,10,47.6,11,52.4,504,2585,1367,26,21,2,16,16,614,49
37,Ruesha Littlejohn,MF,Aston Villa,31,1990,11.1,469,13,139,275,57,2,469,3,2,66.7,1,33.3,234,988,348,5,0,0,14,13,264,5
38,Alisha Lehmann,FW,Aston Villa,22,1999,18.9,617,10,87,225,318,45,616,46,10,21.7,36,78.3,415,2868,1320,52,25,20,59,55,447,130
39,Jodie Hutton,"FW,MF",Aston Villa,20,2001,1.1,32,1,9,15,8,1,32,1,0,0,1,100,17,76,13,1,0,0,3,6,24,7
40,Shania Hayles,FW,Aston Villa,21,1999,4.7,116,1,9,51,57,13,116,7,2,28.6,5,71.4,70,410,163,5,6,1,21,11,88,19
41,Hannah Hampton,GK,Aston Villa,20,2000,19.7,884,643,867,18,0,0,884,3,3,100,0,0,481,3294,2185,0,1,1,0,0,397,1
42,Natalie Haigh,MF,Aston Villa,21,1999,0,1,0,0,1,0,0,1,0,0,,0,,0,0,0,0,0,0,0,0,0,0
43,Freya Gregory,FW,Aston Villa,18,2003,1.2,32,1,5,9,18,1,32,1,0,0,1,100,14,188,40,4,0,1,2,2,20,10
44,Emily Gielnik,FW,Aston Villa,29,1992,12,308,2,19,132,160,31,308,2,0,0,2,100,155,636,212,7,3,4,26,12,250,52
45,Marisa Ewers,MF,Aston Villa,32,1989,2.4,83,1,28,43,12,0,83,0,0,,0,,22,53,16,0,1,0,2,1,34,2
46,Gemma Davison,"FW,MF",Aston Villa,34,1987,0.7,28,0,3,13,13,2,28,1,0,0,1,100,22,150,54,0,1,0,0,0,23,4
47,Rachel Corsie,"DF,MF",Aston Villa,31,1989,5.3,301,50,184,105,13,6,301,0,0,,0,,170,760,426,5,0,0,1,4,201,2
48,Chantelle Boye-Hlorkah,"FW,MF",Aston Villa,25,1995,11.1,382,10,40,148,199,20,382,14,5,35.7,9,64.3,200,1413,513,23,18,3,28,37,262,75
49,Laura Blindkilde,MF,Aston Villa,17,2003,7.4,282,6,58,141,88,8,282,7,4,57.1,3,42.9,148,699,279,9,9,0,13,9,181,31
50,Anita Asante,DF,Aston Villa,36,1985,21,879,123,520,349,17,6,879,8,5,62.5,3,37.5,399,2192,1202,8,1,0,13,8,457,1
51,Chloe Arthur,"MF,FW",Aston Villa,26,1995,10.8,388,17,97,218,76,5,388,7,6,85.7,1,14.3,146,740,288,6,3,0,15,19,200,18
52,Remi Allen,MF,Aston Villa,30,1990,18.8,680,35,166,357,159,27,680,3,2,66.7,1,33.3,226,740,240,0,4,1,17,14,359,29
53,Louanne Worsley,"FW,MF",Birmingham City,,,0.3,8,0,1,1,6,0,8,0,0,,0,,4,25,0,0,1,0,1,1,4,1
54,Lucy Whipp,"MF,FW",Birmingham City,25,1995,5.9,151,10,50,76,25,4,151,0,0,,0,,35,243,53,2,2,1,7,8,48,5
55,Emily Whelan,"FW,MF",Birmingham City,18,2002,5.5,148,6,42,58,50,8,148,5,0,0,5,100,66,475,227,6,1,0,13,7,71,16
56,Arabella Suttie,DF,Birmingham City,,,0.1,2,0,1,0,1,0,2,0,0,,0,,1,1,1,0,0,0,0,0,1,0
57,Libby Smith,"FW,DF",Birmingham City,19,2001,13.7,338,6,46,132,161,30,338,9,2,22.2,7,77.8,193,934,257,12,2,5,33,30,219,48
58,Harriet Scott,DF,Birmingham City,28,1993,19.1,726,91,399,273,60,9,726,7,3,42.9,4,57.1,286,1467,596,4,5,0,20,17,256,7
59,Veatriki Sarri,"MF,FW",Birmingham City,23,1998,18.3,736,25,163,339,256,24,736,39,11,28.2,28,71.8,360,2888,1025,27,23,8,53,49,344,47
60,Cecilie Sandvej,DF,Birmingham City,31,1990,4.7,130,21,96,35,2,1,130,1,1,100,0,0,57,309,200,0,0,0,1,0,64,0
61,Eleanor Ryan-Doyle,FW,Birmingham City,23,1998,3.7,95,2,17,41,40,5,95,1,0,0,1,100,33,186,91,3,3,0,4,2,44,13
62,Lisa Robertson,"MF,DF",Birmingham City,29,1992,13.1,515,21,185,266,72,2,515,8,5,62.5,3,37.5,163,951,309,7,5,4,12,14,203,12
63,Emily Ramsey,GK,Birmingham City,20,2000,14.3,542,478,539,3,0,0,542,0,0,,0,,234,1655,918,0,0,0,1,0,128,0
64,Lucy Quinn,"FW,MF",Birmingham City,27,1993,18.5,561,12,98,288,188,28,561,26,7,26.9,19,73.1,301,2193,608,22,17,5,37,39,324,47
65,Louise Quinn,DF,Birmingham City,31,1990,22,746,179,525,190,32,22,746,3,1,33.3,2,66.7,212,1160,552,4,1,1,3,1,272,0
66,Jade Pennock,"FW,MF",Birmingham City,28,1993,15.7,450,17,92,225,143,27,450,7,2,28.6,5,71.4,200,1194,424,13,14,3,32,21,223,46
67,Christie Murray,MF,Birmingham City,31,1990,16.9,577,31,157,324,108,5,576,5,2,40,3,60,195,850,336,5,6,1,22,20,215,7
68,Gemma Lawley,DF,Birmingham City,20,2001,18,589,117,418,140,35,13,589,3,1,33.3,2,66.7,172,976,388,1,1,0,8,7,205,4
69,Lucy Jones,GK,Birmingham City,,,0.7,27,20,27,0,0,0,27,0,0,,0,,6,63,36,0,0,0,1,0,3,0
70,Marie Hourihan,GK,Birmingham City,34,1987,7,257,238,256,1,0,0,257,0,0,,0,,95,649,305,0,0,0,0,0,55,0
71,Rebecca Holloway,"DF,MF",Birmingham City,25,1995,16.3,820,34,340,343,149,15,820,7,3,42.9,4,57.1,236,1589,710,20,12,3,31,18,252,19
72,Jamie Finn,"DF,MF",Birmingham City,23,1998,18.3,648,35,217,291,145,8,648,4,0,0,4,100,199,1071,381,11,9,2,16,16,228,28
73,Sarah Ewens,"FW,MF",Birmingham City,29,1992,4.2,91,3,5,41,45,15,91,1,0,0,1,100,51,234,36,1,2,2,17,5,65,14
74,Abbie Cowie,DF,Birmingham City,,,5,137,13,66,48,23,0,137,0,0,,0,,42,181,59,2,1,0,3,3,47,4
75,Julia Zigiotti Olme,"MF,FW",Brighton,23,1997,6.3,237,12,48,124,65,13,237,2,2,100,0,0,78,377,140,5,4,1,6,8,144,13
76,Victoria Williams,DF,Brighton,31,1990,20,959,171,597,332,36,14,959,1,0,0,1,100,372,2039,983,2,5,0,14,7,491,6
77,Aileen Whelan,"MF,FW",Brighton,29,1991,18.9,670,28,134,364,179,29,670,4,3,75,1,25,234,1103,419,8,11,4,22,14,402,45
78,Megan Walsh,GK,Brighton,26,1994,20,951,744,941,12,0,0,951,0,0,,0,,394,2088,1257,0,0,0,1,0,427,0
79,Maisie Symonds,FW,Brighton,18,2003,4.1,221,3,22,99,101,13,221,8,4,50,4,50,97,446,154,3,5,0,12,18,150,26
80,Katie Startup,GK,Brighton,22,1999,2,84,74,84,0,0,0,84,0,0,,0,,39,208,132,0,0,0,0,0,28,0
81,Emily Simpkins,MF,Brighton,31,1990,5.4,239,13,68,141,33,3,239,5,2,40,3,60,85,482,194,3,4,0,3,5,153,7
82,Katie Robinson,"FW,MF",Brighton,18,2002,1.4,56,0,9,26,21,4,56,1,1,100,0,0,22,222,58,4,1,2,4,4,34,13
83,Maya Le Tissier,DF,Brighton,19,2002,22,1351,110,575,571,217,18,1351,11,5,45.5,6,54.5,454,2705,1337,23,22,1,22,10,667,23
84,Emma Kullberg,DF,Brighton,29,1991,10.9,599,56,270,229,108,5,599,8,3,37.5,5,62.5,218,1088,484,11,7,1,18,9,289,16
85,Emma Koivisto,"DF,MF",Brighton,26,1994,21.2,1006,52,342,411,261,38,1006,17,3,17.6,14,82.4,287,1420,545,17,11,6,30,27,463,71
86,Danique Kerkdijk,DF,Brighton,25,1996,15,731,89,434,280,21,1,731,0,0,,0,,300,1585,1054,3,3,0,6,1,397,0
87,Inessa Kaagman,"MF,FW",Brighton,25,1996,16.5,660,8,100,295,268,27,657,6,2,33.3,4,66.7,260,1124,305,8,10,2,29,12,400,62
88,Kayleigh Green,"MF,FW",Brighton,33,1988,10.2,383,16,82,153,156,32,383,8,0,0,8,100,183,1143,446,14,6,3,23,18,263,72
89,Felicity Gibbons,DF,Brighton,27,1994,9.5,590,27,219,254,121,5,590,6,2,33.3,4,66.7,202,1020,411,8,4,0,10,12,292,33
90,Lee Geum-min,"FW,MF",Brighton,27,1994,12.5,458,9,70,212,179,29,458,7,1,14.3,6,85.7,228,1166,436,14,5,5,26,27,353,77
91,Megan Connolly,MF,Brighton,24,1997,16.1,692,26,156,382,161,10,692,4,0,0,4,100,231,866,337,3,5,0,28,12,361,26
92,Danielle Carter,"FW,MF",Brighton,28,1993,16,509,11,60,233,223,45,509,11,3,27.3,8,72.7,268,1627,639,25,12,11,41,43,331,72
93,Danielle Buet,DF,Brighton,32,1988,0.9,35,7,29,7,0,0,35,0,0,,0,,14,16,2,0,0,0,2,1,22,0
94,Ellie Brazil,"FW,MF",Brighton,22,1999,10.9,406,16,88,165,156,28,406,12,5,41.7,7,58.3,173,1064,433,18,5,4,21,12,233,46
95,Libby Bance,MF,Brighton,18,2003,1.2,32,0,11,18,6,0,32,1,1,100,0,0,19,134,61,0,1,0,0,4,22,4
96,Rinsola Babajide,FW,Brighton,23,1998,1,43,2,13,11,19,5,43,2,0,0,2,100,15,82,14,0,0,0,2,2,24,7
97,Drew Spence,MF,Chelsea,28,1992,4.8,311,4,47,180,84,12,311,2,2,100,0,0,137,481,170,1,7,1,6,6,202,11
98,Ji So-yun,MF,Chelsea,30,1991,7.2,535,5,56,294,189,20,535,10,5,50,5,50,301,1452,801,22,18,7,4,10,421,25
99,Guro Reiten,"MF,DF",Chelsea,27,1994,16.6,869,5,90,317,473,87,869,18,7,38.9,11,61.1,443,2302,1215,48,35,14,21,15,563,167
100,Aniek Nouwen,DF,Chelsea,22,1999,10.8,811,67,431,364,19,9,811,0,0,,0,,454,2500,1465,5,2,0,1,0,564,3
101,Zećira Mušović,GK,Chelsea,25,1996,8.8,289,251,286,3,0,0,289,0,0,,0,,165,851,332,0,0,0,0,0,164,0
102,Maren Mjelde,"DF,FW",Chelsea,31,1989,0.6,67,4,34,33,0,0,67,0,0,,0,,45,259,170,1,0,0,0,0,60,0
103,Melanie Leupolz,MF,Chelsea,27,1994,5.7,258,4,31,165,63,13,258,2,1,50,1,50,118,419,201,3,3,0,4,5,169,14
104,Fran Kirby,FW,Chelsea,28,1993,9.5,507,3,43,157,311,75,507,8,6,75,2,25,297,1607,725,20,14,11,19,9,359,102
105,Sam Kerr,FW,Chelsea,27,1993,17.3,695,12,28,199,471,148,695,13,3,23.1,10,76.9,345,1878,890,37,18,18,40,8,541,199
106,Lauren James,"FW,MF",Chelsea,19,2001,1.3,93,0,3,44,49,2,93,5,3,60,2,40,64,312,102,5,5,0,6,6,74,11
107,Sophie Ingle,MF,Chelsea,29,1991,16.1,881,21,136,564,185,22,881,2,2,100,0,0,365,1489,615,6,11,0,9,5,573,25
108,Pernille Harder,"FW,MF",Chelsea,28,1992,13.3,540,5,42,195,307,91,539,23,7,30.4,16,69.6,325,2126,1148,49,27,21,39,19,396,124
109,Jorja Fox,DF,Chelsea,17,2003,0.1,7,0,1,3,3,0,7,1,0,0,1,100,5,8,3,0,0,0,0,0,4,0
110,Jessie Fleming,"FW,MF",Chelsea,23,1998,11.8,549,6,42,247,265,36,549,7,1,14.3,6,85.7,304,1532,517,13,17,3,21,17,384,73
111,Magdalena Eriksson,DF,Chelsea,27,1993,14,1124,50,377,594,160,25,1124,1,0,0,1,100,544,2551,1437,14,12,2,5,4,721,16
112,Bethany England,FW,Chelsea,27,1994,9.7,374,1,17,133,226,71,373,2,0,0,2,100,170,870,275,13,4,7,24,14,280,73
113,Erin Cuthbert,"MF,FW",Chelsea,23,1998,16.8,1049,15,134,491,443,43,1049,16,10,62.5,6,37.5,480,2803,1276,47,40,8,30,15,596,70
114,Niamh Charles,"DF,MF",Chelsea,22,1999,11.5,713,13,149,304,268,33,713,17,10,58.8,7,41.2,331,1723,786,22,12,8,16,8,422,77
115,Jess Carter,DF,Chelsea,23,1997,18.7,1305,90,573,606,136,6,1305,5,3,60,2,40,692,3434,1831,11,11,0,16,13,792,21
116,Millie Bright,DF,Chelsea,27,1993,21.9,1826,150,821,859,159,23,1826,2,2,100,0,0,971,4728,2589,20,15,0,12,4,1198,10
117,Ann-Katrin Berger,GK,Chelsea,30,1990,13.2,503,448,501,2,0,0,503,0,0,,0,,299,1366,708,0,0,0,0,0,258,0
118,Jonna Andersson,"MF,DF",Chelsea,28,1993,11.2,732,19,196,291,250,16,732,8,6,75,2,25,315,1493,626,19,11,4,13,6,413,68
119,Alsu Abdullina,"MF,FW",Chelsea,20,2001,0.5,41,1,10,13,18,2,41,0,0,,0,,24,120,57,1,1,0,4,3,30,8
120,Danielle Turner,DF,Everton,30,1991,19.2,1292,77,534,520,245,13,1292,11,6,54.5,5,45.5,397,2238,1089,26,17,1,15,16,645,48
121,Nicoline Sørensen,"DF,FW",Everton,23,1997,1.1,49,3,9,15,25,1,49,3,1,33.3,2,66.7,25,190,95,4,4,0,2,1,35,5
122,Rikke Sevecke,DF,Everton,25,1996,9.4,745,63,326,333,92,11,745,2,2,100,0,0,241,1099,592,8,6,0,10,6,429,13
123,Poppy Pattinson,DF,Everton,21,2000,8.4,521,17,200,198,129,4,521,9,5,55.6,4,44.4,208,1049,448,10,8,1,23,11,264,27
124,Leonie Maier,"DF,MF",Everton,28,1992,12.1,699,29,239,277,188,8,699,0,0,,0,,244,1197,599,15,9,1,8,2,363,37
125,Simone Magill,"FW,MF",Everton,26,1994,6.1,206,2,20,100,87,19,206,6,4,66.7,2,33.3,109,619,155,6,2,4,29,17,152,34
126,Sandy MacIver,GK,Everton,23,1998,18,750,611,748,3,1,0,750,0,0,,0,,412,2490,1357,0,0,0,0,0,356,0
127,Lucy Graham,MF,Everton,24,1996,10,495,19,125,245,130,15,495,17,3,17.6,14,82.4,257,1278,512,16,13,1,24,16,318,40
128,Gabrielle George,DF,Everton,24,1997,21,1480,234,902,526,61,12,1480,5,2,40,3,60,698,4429,2933,18,15,2,10,7,962,5
129,Valérie Gauvin,FW,Everton,25,1996,4.1,97,0,2,40,56,17,97,2,1,50,1,50,45,182,38,2,3,1,17,5,77,26
130,Aurora Galli,MF,Everton,24,1996,15.9,768,32,259,411,106,4,768,11,6,54.5,5,45.5,338,1821,821,15,9,1,18,11,481,29
131,Megan Finnigan,DF,Everton,23,1998,12.3,675,124,455,198,22,7,675,0,0,,0,,343,1792,941,2,1,0,8,0,438,0
132,Claire Emslie,"FW,MF",Everton,27,1994,11.4,479,7,86,182,220,32,479,19,9,47.4,10,52.6,272,1827,808,33,9,14,32,28,349,91
133,Toni Duggan,FW,Everton,30,1991,17.1,670,4,74,273,328,52,670,17,5,29.4,12,70.6,307,1643,679,17,14,6,46,25,478,101
134,Kenza Dali,"MF,FW",Everton,30,1991,14.1,776,7,102,387,308,17,776,36,14,38.9,22,61.1,418,3251,1429,50,43,6,45,34,561,74
135,Grace Clinton,"MF,FW",Everton,18,2003,2.4,100,1,11,54,36,5,100,3,2,66.7,1,33.3,47,286,117,4,4,0,10,7,61,13
136,Izzy Christiansen,MF,Everton,29,1991,18.9,1089,41,277,587,232,20,1087,5,2,40,3,60,376,1643,595,6,14,2,28,15,680,44
137,Courtney Brosnan,GK,Everton,25,1995,4,176,153,175,1,0,0,176,0,0,,0,,99,483,228,0,0,0,0,0,83,0
138,Nathalie Björn,DF,Everton,24,1997,12.6,885,122,525,312,51,4,885,2,2,100,0,0,442,2068,1244,6,7,0,7,2,539,3
139,Hanna Bennison,"MF,FW",Everton,18,2002,13.6,519,14,117,211,198,23,519,13,7,53.8,6,46.2,278,1313,625,15,16,5,22,22,332,41
140,Anna Anvegard,"FW,MF",Everton,24,1997,10.4,380,6,42,150,191,36,380,10,3,30,7,70,167,815,302,15,12,6,24,14,252,57
141,Samantha Tierney,"MF,DF",Leicester City,22,1998,20.6,746,52,288,381,83,17,746,2,1,50,1,50,217,960,442,7,5,0,16,9,368,23
142,Mackenzie Smith,"MF,FW",Leicester City,,,1.2,27,2,8,13,6,1,27,0,0,,0,,5,26,7,0,0,0,0,1,14,2
143,Jessica Sigsworth,FW,Leicester City,26,1994,12.5,322,10,38,148,140,28,321,13,4,30.8,9,69.2,152,1199,550,24,11,13,28,30,205,60
144,Connie Scofield,FW,Leicester City,22,1999,0.3,8,0,0,8,0,0,8,0,0,,0,,3,22,2,0,0,0,2,0,3,1
145,Monique Robinson,MF,Leicester City,16,2004,0.1,2,0,0,2,0,0,2,0,0,,0,,1,0,0,0,0,0,1,0,2,0
146,Jemma Purfield,"DF,MF",Leicester City,24,1997,18.3,997,63,381,424,201,6,996,10,5,50,5,50,258,1324,690,15,8,2,15,11,356,32
147,Ashleigh Plumptre,DF,Leicester City,23,1998,19.3,914,154,560,315,49,21,914,6,3,50,3,50,330,1728,871,5,5,1,16,4,455,6
148,Molly Pike,MF,Leicester City,20,2001,19.7,548,24,145,306,108,11,548,12,5,41.7,7,58.3,183,864,318,7,2,3,34,15,266,23
149,Lachante Paul,"FW,DF",Leicester City,18,2002,0.7,29,0,2,15,12,3,29,2,0,0,2,100,15,70,31,2,1,1,2,3,19,7
150,Shannon O’Brien,"MF,FW",Leicester City,19,2001,19.1,500,18,92,262,155,26,500,19,7,36.8,12,63.2,233,1575,491,23,17,7,37,44,307,40
151,Esther Morgan,MF,Leicester City,18,2002,0.3,16,0,4,9,4,1,16,3,2,66.7,1,33.3,8,119,32,2,1,1,1,0,8,3
152,Abbie McManus,"DF,MF",Leicester City,28,1993,17.3,836,158,509,299,35,12,836,7,5,71.4,2,28.6,288,1305,661,5,1,0,5,1,412,4
153,Kirstie Levell,GK,Leicester City,24,1997,7,309,254,303,6,0,0,309,1,1,100,0,0,113,731,386,0,0,0,0,1,99,0
154,Demi Lambourne,GK,Leicester City,25,1996,14,561,493,557,4,0,0,561,0,0,,0,,208,1305,652,0,0,0,4,0,169,0
155,Sophie Howard,DF,Leicester City,27,1993,18.5,850,135,456,295,103,16,850,7,4,57.1,3,42.9,241,1209,630,9,6,4,8,5,345,24
156,Sophie Harris,GK,Leicester City,26,1994,1,33,31,33,0,0,0,33,0,0,,0,,15,112,88,0,0,0,0,0,8,0
157,Freya Gregory,"MF,FW",Leicester City,18,2003,9.4,213,4,36,88,95,11,213,10,4,40,6,60,115,1062,461,21,10,6,15,18,137,43
158,Abbi Grant,FW,Leicester City,25,1995,0.5,15,0,0,7,8,2,15,0,0,,0,,10,25,16,0,0,0,1,1,12,3
159,Esmee de Graaf,"DF,MF",Leicester City,23,1997,17.9,841,52,318,359,167,10,841,13,5,38.5,8,61.5,256,1426,504,14,4,3,23,13,334,55
160,Missy Goodwin,"MF,FW",Leicester City,18,2003,3.8,98,7,35,49,16,4,98,3,0,0,3,100,46,258,74,3,2,1,7,5,57,9
161,Natasha Flint,"FW,MF",Leicester City,24,1996,13.9,465,12,59,257,155,28,465,13,6,46.2,7,53.8,228,1297,378,16,6,11,54,25,262,40
162,Charlotte Devlin,"MF,FW",Leicester City,23,1998,1.9,99,0,15,50,37,5,99,15,5,33.3,10,66.7,55,427,115,6,5,5,9,8,65,5
163,Hannah Cain,"MF,DF",Leicester City,22,1999,3.1,137,5,41,51,47,1,137,3,1,33.3,2,66.7,36,172,84,2,2,0,5,1,68,7
164,Georgia Brougham,DF,Leicester City,25,1996,8.1,265,41,149,98,19,1,265,5,2,40,3,60,83,340,144,1,2,1,2,8,110,2
165,CJ Bott,DF,Leicester City,26,1995,0.6,22,2,12,9,2,0,22,0,0,,0,,10,67,32,0,0,0,0,2,8,1
166,Elysia Boddy,MF,Leicester City,17,2004,0.2,9,0,2,6,1,0,9,0,0,,0,,3,5,5,0,0,0,1,0,5,2
167,Sophie Barker,"MF,DF",Leicester City,30,1990,7.8,266,10,84,143,40,2,266,1,1,100,0,0,77,231,65,1,1,0,5,5,166,8
168,Ava Baker,"FW,MF",Leicester City,15,2006,0.3,16,0,4,6,6,3,16,1,0,0,1,100,7,123,65,3,2,2,1,4,8,3
169,Paige Bailey-Gayle,"FW,DF",Leicester City,19,2001,4,124,7,36,48,44,4,124,6,4,66.7,2,33.3,48,335,195,7,6,2,12,7,58,10
170,Ellen White,FW,Manchester City,32,1989,13.6,411,3,22,178,217,74,411,5,2,40,3,60,197,825,217,4,9,2,26,13,288,71
171,Caroline Weir,MF,Manchester City,26,1995,16.2,892,4,62,408,437,66,892,16,9,56.3,6,37.5,492,2501,1041,36,33,5,34,31,676,109
172,Keira Walsh,MF,Manchester City,24,1997,16.7,1096,20,174,749,182,1,1096,8,3,37.5,5,62.5,618,2402,1028,8,14,0,13,12,864,38
173,Demi Stokes,DF,Manchester City,29,1991,17.1,1163,31,267,612,298,6,1163,14,9,64.3,5,35.7,538,3336,1882,45,28,2,17,17,674,56
174,Georgia Stanway,"MF,DF",Manchester City,22,1999,18.5,1289,19,169,687,445,60,1289,25,14,56,11,44,635,3580,1852,52,33,12,24,22,896,95
175,Khadija Shaw,FW,Manchester City,24,1997,8.8,287,8,14,101,173,69,287,9,2,22.2,7,77.8,167,820,338,18,4,16,26,14,219,63
176,Jill Scott,DF,Manchester City,34,1987,5.5,407,41,207,180,21,7,407,1,1,100,0,0,175,1164,815,6,1,1,2,1,299,7
177,Ellie Roebuck,GK,Manchester City,21,1999,10,390,243,389,1,0,0,390,0,0,,0,,263,1279,823,0,1,1,0,0,267,0
178,Hayley Raso,FW,Manchester City,26,1994,7.1,253,1,19,61,176,60,253,14,8,57.1,6,42.9,173,1192,616,25,8,19,22,19,192,90
179,Jessica Park,FW,Manchester City,19,2001,7.8,265,2,15,73,182,37,265,18,9,50,9,50,177,1238,634,28,17,7,12,20,212,70
180,Esme Morgan,DF,Manchester City,20,2000,1.2,81,8,24,41,17,0,81,0,0,,0,,26,122,59,0,4,0,0,0,42,4
181,Ruby Mace,DF,Manchester City,17,2003,2.9,260,12,107,128,28,2,260,3,1,33.3,2,66.7,173,1061,534,4,6,0,1,3,187,5
182,Vicky Losada,MF,Manchester City,30,1991,6.6,380,3,37,211,134,5,380,4,3,75,1,25,211,1108,369,4,9,0,4,14,293,25
183,Alanna Kennedy,DF,Manchester City,26,1995,12.8,1153,82,499,629,32,12,1153,1,0,0,1,100,741,4044,2446,11,5,0,7,0,906,2
184,Chloe Kelly,FW,Manchester City,23,1998,3.4,137,0,4,25,111,20,137,6,3,50,3,50,98,616,287,12,8,6,5,6,109,46
185,Khiara Keating,GK,Manchester City,17,2004,2,52,45,52,0,0,0,52,0,0,,0,,31,152,96,0,0,0,0,0,25,0
186,Steph Houghton,DF,Manchester City,33,1988,4,377,41,164,208,6,1,377,0,0,,0,,212,1526,1043,8,1,0,3,1,288,1
187,Lauren Hemp,FW,Manchester City,20,2000,19.3,847,8,75,209,573,132,847,37,22,59.5,15,40.5,558,4429,2207,109,30,62,25,42,661,255
188,Alex Greenwood,DF,Manchester City,27,1993,21.4,2156,172,865,1135,177,16,2154,18,12,66.7,6,33.3,1286,7492,4589,32,13,1,7,11,1585,9
189,Laura Coombs,"MF,FW",Manchester City,30,1991,7.1,412,3,55,250,108,11,412,3,2,66.7,1,33.3,202,969,397,10,7,3,10,11,311,21
190,Lucy Bronze,DF,Manchester City,29,1991,12.8,1098,26,211,579,320,34,1098,15,8,53.3,7,46.7,557,3271,1925,49,29,10,13,10,675,59
191,Julie Blakstad,"DF,FW",Manchester City,19,2001,3.8,277,4,40,122,118,19,277,5,3,60,2,40,160,944,607,20,8,6,13,7,181,41
192,Karima Benameur,GK,Manchester City,32,1989,10,367,313,365,2,0,0,367,0,0,,0,,182,849,484,0,0,0,0,0,218,0
193,Janine Beckie,"FW,DF",Manchester City,26,1994,5.6,309,4,52,116,143,24,309,6,2,33.3,4,66.7,148,868,425,11,9,4,10,13,213,48
194,Filippa Angeldahl,MF,Manchester City,24,1997,7.2,428,3,42,234,153,12,428,4,2,50,2,50,196,963,373,7,10,2,12,10,327,34
195,Katie Zelem,MF,Manchester Utd,25,1996,22,1445,63,314,789,348,15,1441,3,3,100,0,0,527,1986,755,9,8,1,20,20,845,38
196,Millie Turner,DF,Manchester Utd,25,1996,2.9,280,17,127,141,14,2,280,1,0,0,1,100,175,855,531,1,3,0,1,0,213,0
197,Ella Toone,"MF,FW",Manchester Utd,21,1999,21.1,1084,8,105,461,526,79,1084,32,17,53.1,14,43.8,541,2613,987,29,23,15,41,32,816,156
198,Maria Thorisdottir,DF,Manchester Utd,28,1993,18.2,1093,155,617,455,28,7,1093,5,4,80,1,20,532,2561,1667,3,0,0,6,4,729,5
199,Martha Thomas,FW,Manchester Utd,25,1996,10,332,7,30,105,200,70,332,11,7,63.6,4,36.4,171,1172,566,29,8,22,13,17,241,81
200,Lucy Staniforth,"MF,FW",Manchester Utd,28,1992,6.3,326,7,38,146,146,14,325,4,3,75,1,25,168,731,283,9,5,2,13,10,228,34
201,Kirsty Smith,DF,Manchester Utd,27,1994,2.1,138,1,25,71,42,1,138,5,1,20,4,80,44,252,144,4,2,0,3,2,84,11
202,Alessia Russo,"FW,MF",Manchester Utd,22,1999,17.5,635,25,58,228,360,90,635,32,17,53.1,15,46.9,400,2667,1012,39,19,20,63,35,476,108
203,Jade Moore,MF,Manchester Utd,30,1990,0.5,18,2,8,8,2,0,18,0,0,,0,,8,50,8,0,0,0,1,1,10,0
204,Aoife Mannion,DF,Manchester Utd,25,1995,12,840,69,425,397,23,6,840,2,2,100,0,0,468,2367,1338,2,3,0,2,4,627,2
205,Hayley Ladd,"MF,DF",Manchester Utd,27,1993,12,678,54,279,337,65,14,678,2,1,50,1,50,316,1582,824,8,3,0,3,7,440,8
206,Carrie Jones,FW,Manchester Utd,17,2003,0.3,9,1,2,1,6,2,9,0,0,,0,,4,13,8,0,0,0,1,0,4,0
207,Martha Harris,DF,Manchester Utd,26,1994,0.1,15,0,4,4,7,2,15,0,0,,0,,5,35,19,0,0,0,0,0,8,2
208,Kirsty Hanson,FW,Manchester Utd,23,1998,8.1,351,11,48,135,176,34,351,29,14,48.3,14,48.3,188,1340,647,28,13,10,19,19,224,74
209,Jackie Groenen,MF,Manchester Utd,26,1994,11.8,576,11,103,333,145,13,576,7,5,71.4,2,28.6,271,1494,542,12,11,5,17,17,398,37
210,Leah Galton,FW,Manchester Utd,27,1994,18.9,698,13,84,263,355,79,698,16,10,62.5,6,37.5,364,2277,963,35,19,17,40,21,482,150
211,Ivana Fuso,"FW,MF",Manchester Utd,20,2001,0.9,33,1,8,9,16,4,33,4,3,75,1,25,14,93,47,2,1,2,4,3,15,3
212,Mary Earps,GK,Manchester Utd,28,1993,22,825,661,820,3,2,0,825,0,0,,0,,374,1751,931,0,1,0,0,1,426,0
213,Diane Caldwell,DF,Manchester Utd,32,1988,5,180,29,106,66,8,3,180,0,0,,0,,70,408,184,0,0,0,0,1,88,0
214,Vilde Bøe Risa,"MF,FW",Manchester Utd,26,1995,7.8,338,9,52,174,115,26,338,3,3,100,0,0,165,922,306,9,6,4,8,12,223,36
215,Signe Bruun,"FW,MF",Manchester Utd,23,1998,2.1,66,1,9,26,31,3,66,0,0,,0,,37,121,48,0,0,0,5,4,52,4
216,Hannah Blundell,DF,Manchester Utd,27,1994,19.6,1270,37,442,604,241,11,1270,9,5,55.6,4,44.4,523,3028,1625,31,19,5,17,16,691,49
217,Ona Batlle,DF,Manchester Utd,22,1999,20.8,1540,55,462,675,412,24,1540,27,12,44.4,15,55.6,577,3544,1954,46,36,9,19,24,785,80
218,Lily Woodham,"DF,MF",Reading,20,2000,19.5,1100,68,411,496,207,4,1100,17,6,35.3,11,64.7,338,2045,878,23,14,2,27,16,401,25
219,Justine Vanhaevermaet,"MF,DF",Reading,29,1992,17.6,894,106,357,435,104,20,893,1,0,0,1,100,321,1573,650,7,7,1,21,9,458,25
220,Sanne Troelsgaard Nielsen,MF,Reading,32,1988,9.9,348,15,69,216,68,7,348,3,3,100,0,0,129,604,118,1,1,1,13,4,169,14
221,Rhiannon Stewart,GK,Reading,,,2.5,83,71,83,0,0,0,83,0,0,,0,,43,223,145,0,0,0,0,0,33,0
222,Rachel Rowe,"MF,FW",Reading,28,1992,10.5,395,9,71,207,120,26,395,17,6,35.3,11,64.7,211,1250,456,8,4,6,15,31,243,33
223,Deanne Rose,"FW,MF",Reading,22,1999,18.6,503,7,44,192,281,75,503,31,6,19.4,24,77.4,356,2954,1287,57,31,26,60,50,361,97
224,Beth Roberts,"DF,FW",Reading,18,2003,0.8,33,10,27,6,1,0,33,0,0,,0,,6,21,4,0,0,0,0,0,9,0
225,Tia Primmer,"MF,FW",Reading,17,2004,2.4,92,7,23,46,25,6,92,1,1,100,0,0,46,255,76,3,1,1,1,6,50,10
226,Chloe Peplow,"MF,DF",Reading,22,1998,8.8,365,33,142,208,20,2,365,3,3,100,0,0,140,639,298,3,3,0,9,14,169,6
227,Grace Moloney,GK,Reading,28,1993,19.5,832,650,821,10,1,0,832,0,0,,0,,392,2349,1481,0,0,0,0,0,342,0
228,Emma Harries,"MF,FW",Reading,19,2002,12.5,298,15,50,134,115,27,298,10,2,20,8,80,138,742,293,10,5,5,30,26,179,43
229,Natasha Harding,"DF,MF",Reading,32,1989,20.2,823,103,391,318,122,15,823,6,3,50,3,50,276,1516,743,12,4,2,15,5,373,30
230,Jeon Ga-eul,"FW,DF",Reading,32,1988,0.2,10,1,1,4,5,2,10,2,0,0,2,100,4,111,7,0,0,0,2,1,5,1
231,Gemma Evans,DF,Reading,24,1996,22,1162,181,760,380,30,12,1162,2,1,50,1,50,500,2774,1631,5,3,0,7,8,603,5
232,Amalie Eikeland,"MF,FW",Reading,25,1995,19.2,510,21,107,258,151,25,510,9,1,11.1,8,88.9,243,1283,408,11,8,3,32,16,293,50
233,Natasha Dowie,FW,Reading,33,1988,15.3,319,3,22,167,133,35,317,4,1,25,3,75,172,793,251,12,9,4,32,30,235,52
234,Deanna Cooper,DF,Reading,28,1993,14.6,894,144,587,305,12,3,894,3,3,100,0,0,436,2475,1689,8,3,0,4,3,530,1
235,Brooke Chaplen,"MF,FW",Reading,32,1989,8,234,4,39,99,100,13,234,5,1,20,4,80,122,775,378,12,15,2,24,11,148,21
236,Faye Bryson,"DF,MF",Reading,24,1997,20,1087,78,402,476,218,5,1087,11,7,63.6,4,36.4,339,1984,850,23,10,3,27,14,412,31
237,Shelina Zadorsky,DF,Tottenham,28,1992,20.4,1022,138,636,361,31,7,1022,3,2,66.7,1,33.3,498,2758,1728,7,2,1,5,3,661,6
238,Rachel Williams,FW,Tottenham,33,1988,20,751,17,69,386,303,77,751,23,14,60.9,9,39.1,394,2019,543,17,11,2,59,31,554,92
239,Chioma Ubogagu,"FW,MF",Tottenham,28,1992,5.5,224,3,46,87,92,23,224,8,1,12.5,7,87.5,136,864,395,17,4,8,14,18,148,39
240,Eveliina Summanen,"MF,FW",Tottenham,23,1998,7.8,425,16,103,233,92,10,425,3,1,33.3,2,66.7,162,811,333,3,6,1,8,6,243,20
241,Rebecca Spencer,GK,Tottenham,30,1991,11,428,368,426,1,1,0,428,1,1,100,0,0,218,1221,626,0,0,0,0,1,226,0
242,Cho So-hyun,"MF,FW",Tottenham,33,1988,6.7,268,9,74,141,54,5,268,4,1,25,3,75,109,532,191,3,3,1,14,11,176,19
243,Kyah Simon,"FW,MF",Tottenham,30,1991,10.2,371,2,54,188,134,23,370,8,1,12.5,7,87.5,180,968,286,13,8,3,17,17,265,59
244,Viktoria Schnaderbeck,DF,Tottenham,30,1991,2.7,137,16,87,49,1,1,137,0,0,,0,,69,256,136,0,0,0,1,0,92,0
245,Ria Percival,"MF,DF",Tottenham,31,1989,16.8,813,28,191,382,247,29,813,7,4,57.1,3,42.9,284,1349,466,10,6,5,26,12,412,78
246,Ashleigh Neville,"DF,MF",Tottenham,28,1993,20.4,1402,86,493,625,302,42,1402,36,20,55.6,16,44.4,598,3669,1888,39,25,7,24,26,688,89
247,Jessica Naz,"FW,MF",Tottenham,20,2000,13.1,517,6,87,242,202,26,517,23,12,52.2,11,47.8,315,2220,1026,35,17,12,39,38,380,90
248,Isabella Lane,"DF,MF",Tottenham,17,2003,0.3,11,1,6,2,3,0,11,1,0,0,1,100,4,27,0,0,1,0,1,0,3,0
249,Tinja-Riikka Korpela,GK,Tottenham,35,1986,11,406,339,405,1,0,0,406,0,0,,0,,202,1192,745,0,0,0,0,0,169,0
250,Tang Jiali,FW,Tottenham,26,1995,2.9,107,1,12,34,62,7,107,2,2,100,0,0,66,360,95,4,2,3,6,11,93,25
251,Kerys Harrop,"DF,MF",Tottenham,30,1990,16.8,995,70,423,407,171,9,995,5,2,40,3,60,343,1646,885,14,10,0,5,16,478,27
252,Josephine Green,MF,Tottenham,28,1993,6,257,21,67,123,70,4,257,0,0,,0,,99,569,220,3,4,0,7,5,147,12
253,Kit Graham,"FW,MF",Tottenham,25,1995,5.9,299,7,19,147,136,18,299,8,4,50,4,50,150,996,479,17,14,2,12,14,185,32
254,Maéva Clemaron,MF,Tottenham,28,1992,19.3,1078,42,290,638,154,12,1078,2,1,50,1,50,457,1851,594,9,11,1,30,30,642,37
255,Molly Bartrip,DF,Tottenham,25,1996,22,1272,175,776,455,48,1,1272,4,4,100,0,0,551,2441,1371,2,1,0,8,1,761,1
256,Rosella Ayane,"FW,MF",Tottenham,25,1996,8.4,325,6,49,147,137,18,324,9,6,66.7,3,33.3,168,1066,436,19,12,5,30,19,212,56
257,Asmita Ale,"DF,MF",Tottenham,19,2001,10.7,703,16,235,318,152,10,703,4,2,50,2,50,247,1096,535,11,5,1,13,14,343,34
258,Angela Addison,"MF,FW",Tottenham,21,1999,3.9,163,2,28,59,80,17,162,7,4,57.1,3,42.9,87,663,322,13,5,7,11,15,110,37
259,Tameka Yallop,"MF,FW",West Ham,30,1991,13.4,509,10,117,219,176,31,509,7,0,0,7,100,268,1343,465,15,9,3,25,10,349,68
260,Zaneta Wyne,"DF,MF",West Ham,31,1990,12.7,554,27,187,253,122,12,554,13,6,46.2,7,53.8,241,1347,616,15,9,2,13,11,316,38
261,Claudia Walker,FW,West Ham,25,1996,15,389,3,20,141,232,39,389,14,4,28.6,10,71.4,257,1448,366,17,11,2,35,34,329,82
262,Kateřina Svitková,"DF,MF",West Ham,25,1996,17.2,1000,30,249,418,352,40,1000,40,17,42.5,23,57.5,450,2616,1443,42,16,8,40,29,553,98
263,Abbey-Leigh Stringer,"MF,FW",West Ham,26,1995,12.4,560,40,218,296,52,4,560,2,2,100,0,0,233,883,220,1,2,0,22,19,311,8
264,Emma Snerle,"MF,FW",West Ham,20,2001,5.1,185,5,32,96,62,11,185,8,2,25,6,75,93,467,133,4,3,2,11,8,113,22
265,Lucy Parker,"DF,MF",West Ham,22,1998,9.4,492,54,282,186,34,3,492,11,7,63.6,4,36.4,220,1640,903,9,6,0,10,16,226,2
266,Kate Longhurst,DF,West Ham,32,1989,19.5,1114,70,377,474,279,17,1114,21,9,42.9,12,57.1,530,3524,1932,31,27,2,27,25,615,58
267,Adriana Leon,FW,West Ham,28,1992,10.8,353,4,28,141,192,30,353,19,11,57.9,8,42.1,198,1363,550,23,18,7,30,26,219,57
268,Anna Leat,GK,West Ham,20,2001,4,176,152,176,0,0,0,176,0,0,,0,,93,539,220,0,0,0,0,0,65,0
269,Lois Joel,DF,West Ham,22,1999,1.3,57,2,14,24,19,1,57,0,0,,0,,27,170,105,3,0,0,4,3,30,7
270,Halle Houssein,"MF,FW",West Ham,16,2004,0.3,18,0,2,11,5,0,18,0,0,,0,,8,44,14,0,0,0,1,1,8,2
271,Yui Hasegawa,"MF,FW",West Ham,24,1997,16.2,779,18,149,415,232,16,779,19,14,73.7,5,26.3,376,1904,851,20,17,5,27,26,443,52
272,Grace Garrad,"DF,FW",West Ham,18,2003,0.1,3,1,2,1,0,0,3,0,0,,0,,1,3,0,0,0,0,0,0,1,0
273,Gilly Flaherty,DF,West Ham,29,1991,19,885,121,501,335,54,11,885,0,0,,0,,316,1703,869,9,3,2,10,5,384,8
274,Grace Fisk,DF,West Ham,23,1998,15,960,98,551,361,60,12,960,1,1,100,0,0,334,1716,820,8,4,2,10,8,427,6
275,Melisa Filis,"MF,FW",West Ham,19,2002,4.3,140,2,23,74,43,5,140,2,0,0,2,100,75,405,120,6,2,1,11,8,90,13
276,Lisa Evans,"FW,DF",West Ham,29,1992,11.6,409,5,58,140,217,47,409,10,4,40,6,60,226,1419,674,32,12,18,26,14,291,91
277,Hawa Cissoko,DF,West Ham,24,1997,17,731,112,469,251,21,1,731,6,2,33.3,4,66.7,313,1827,825,7,8,1,16,9,315,3
278,Brooke Cairns,FW,West Ham,18,2003,0,0,0,0,0,0,0,0,0,0,,0,,0,0,0,0,0,0,0,0,0,0
279,Dagný Brynjarsdóttir,"MF,FW",West Ham,29,1991,18.6,646,29,140,329,192,53,646,4,1,25,3,75,251,1164,413,12,13,2,35,29,355,57
280,Mackenzie Arnold,GK,West Ham,27,1994,18,807,673,795,9,3,0,807,0,0,,0,,344,1919,1001,0,1,0,0,0,310,0